{"cameraMode":{"drawMode":0,"name":"Shaded","section":"Shading Mode"},"sceneLighting":true,"audioPlay":false,"sceneViewState":{"m_AlwaysRefresh":false,"showFog":true,"showSkybox":true,"showFlares":true,"showImageEffects":true,"showParticleSystems":true,"showVisualEffectGraphs":true,"m_FxEnabled":false},"in2DMode":false,"pivot":{"x":97.8292007446289,"y":-342.46173095703127,"z":-237.47763061523438},"rotation":{"x":0.0034940741024911405,"y":0.9207373857498169,"z":-0.3914329409599304,"w":0.0012318581575527788},"size":245.98809814453126,"orthographic":false}